model,f1_0,f1_1,f1_2,avg_f1
UKAN_128_160_256_SZ512_512_roweeder_LFocalLoss_LWTrue_BS2_LR1.0e-04_KLR1.0e-02_WD1.0e-04_KWD1.0e-04_SCHReduceLROnPlateau_E500_PAT5_ES20,0.9861882328987122,0.8427337408065796,0.6915073990821838,0.8401431441307068
UKAN_128_160_256_SZ512_512_roweeder_LFocalLoss_LWTrue_BS2_LR1.0e-04_KLR1.0e-03_WD1.0e-04_KWD1.0e-04_SCHReduceLROnPlateau_E500_PAT5_ES20,0.9851641058921814,0.8231228590011597,0.697125256061554,0.8351373672485352
UKAN_128_160_256_SZ512_512_roweeder_LFocalLoss_LWFalse_BS2_LR1.0e-04_KLR1.0e-02_WD1.0e-04_KWD1.0e-04_SCHReduceLROnPlateau_E500_PAT5_ES20,0.9817468523979188,0.7815455198287964,0.6923785209655762,0.8185569643974304
UKAN_128_160_256_SZ512_512_roweeder_LFocalLoss_LWFalse_BS2_LR1.0e-04_KLR1.0e-03_WD1.0e-04_KWD1.0e-04_SCHReduceLROnPlateau_E500_PAT5_ES20,0.9832433462142944,0.7968403697013855,0.6941533088684082,0.8247456550598145
UKAN_64_80_128_SZ512_512_roweeder_LFocalLoss_LWTrue_BS2_LR1.0e-04_KLR1.0e-02_WD1.0e-04_KWD1.0e-04_SCHReduceLROnPlateau_E500_PAT5_ES20,0.9763655066490172,0.7691470384597778,0.644584596157074,0.796699047088623
UKAN_64_80_128_SZ512_512_roweeder_LFocalLoss_LWTrue_BS2_LR1.0e-04_KLR1.0e-03_WD1.0e-04_KWD1.0e-04_SCHReduceLROnPlateau_E500_PAT5_ES20,0.9874446988105774,0.8556278944015503,0.6972030401229858,0.8467585444450378
UKAN_64_80_128_SZ512_512_roweeder_LFocalLoss_LWFalse_BS2_LR1.0e-04_KLR1.0e-02_WD1.0e-04_KWD1.0e-04_SCHReduceLROnPlateau_E500_PAT5_ES20,0.9826059937477112,0.7929331660270691,0.7023003101348877,0.8259465098381042
UKAN_64_80_128_SZ512_512_roweeder_LFocalLoss_LWFalse_BS2_LR1.0e-04_KLR1.0e-03_WD1.0e-04_KWD1.0e-04_SCHReduceLROnPlateau_E500_PAT5_ES20,0.9795234203338624,0.7669116854667664,0.6921505928039551,0.8128619194030762
UKAN_32_40_64_SZ512_512_roweeder_LFocalLoss_LWTrue_BS2_LR1.0e-04_KLR1.0e-02_WD1.0e-04_KWD1.0e-04_SCHReduceLROnPlateau_E500_PAT5_ES20,0.9659734964370728,0.0,0.0,0.3219911754131317
UKAN_32_40_64_SZ512_512_roweeder_LFocalLoss_LWTrue_BS2_LR1.0e-04_KLR1.0e-03_WD1.0e-04_KWD1.0e-04_SCHReduceLROnPlateau_E500_PAT5_ES20,0.9659734964370728,0.0,0.0,0.3219911754131317
UKAN_32_40_64_SZ512_512_roweeder_LFocalLoss_LWFalse_BS2_LR1.0e-04_KLR1.0e-02_WD1.0e-04_KWD1.0e-04_SCHReduceLROnPlateau_E500_PAT5_ES20,0.9659734964370728,0.0,0.0,0.3219911754131317
UKAN_32_40_64_SZ512_512_roweeder_LFocalLoss_LWFalse_BS2_LR1.0e-04_KLR1.0e-03_WD1.0e-04_KWD1.0e-04_SCHReduceLROnPlateau_E500_PAT5_ES20,0.9659734964370728,0.0,0.0,0.3219911754131317
UKAN_128_160_256_SZ512_512_roweeder_LFocalLoss_LWTrue_BS2_LR1.0e-02_KLR1.0e-02_WD1.0e-04_KWD1.0e-04_SCHConstantLR_E500_PAT5_ES20,0.9871832132339478,0.8557137846946716,0.6869321465492249,0.8432764410972595
UKAN_128_160_256_SZ512_512_roweeder_LFocalLoss_LWTrue_BS2_LR1.0e-02_KLR1.0e-02_WD1.0e-04_KWD1.0e-04_SCHReduceLROnPlateau_E500_PAT5_ES20,0.9868881106376648,0.8466218113899231,0.6786468625068665,0.8373855948448181
UKAN_128_160_256_SZ512_512_roweeder_LFocalLoss_LWTrue_BS2_LR1.0e-02_KLR1.0e-03_WD1.0e-04_KWD1.0e-04_SCHConstantLR_E500_PAT5_ES20,0.9855899214744568,0.8345730304718018,0.6573972702026367,0.8258534669876099
UKAN_128_160_256_SZ512_512_roweeder_LFocalLoss_LWTrue_BS2_LR1.0e-02_KLR1.0e-03_WD1.0e-04_KWD1.0e-04_SCHReduceLROnPlateau_E500_PAT5_ES20,0.987743616104126,0.8628869652748108,0.661940336227417,0.8375236392021179
UKAN_128_160_256_SZ512_512_roweeder_LFocalLoss_LWTrue_BS2_LR1.0e-03_KLR1.0e-02_WD1.0e-04_KWD1.0e-04_SCHConstantLR_E500_PAT5_ES20,0.986775279045105,0.8475197553634644,0.7314236760139465,0.8552395701408386
UKAN_128_160_256_SZ512_512_roweeder_LFocalLoss_LWTrue_BS2_LR1.0e-03_KLR1.0e-02_WD1.0e-04_KWD1.0e-04_SCHReduceLROnPlateau_E500_PAT5_ES20,0.9873630404472352,0.8529804944992065,0.7002158164978027,0.8468531370162964
UKAN_128_160_256_SZ512_512_roweeder_LFocalLoss_LWTrue_BS2_LR1.0e-03_KLR1.0e-03_WD1.0e-04_KWD1.0e-04_SCHConstantLR_E500_PAT5_ES20,0.9814929366111756,0.794863224029541,0.6913052201271057,0.822553813457489
UKAN_128_160_256_SZ512_512_roweeder_LFocalLoss_LWTrue_BS2_LR1.0e-03_KLR1.0e-03_WD1.0e-04_KWD1.0e-04_SCHReduceLROnPlateau_E500_PAT5_ES20,0.988030195236206,0.8704599738121033,0.6495913863182068,0.8360272645950317
UKAN_128_160_256_SZ512_512_roweeder_LFocalLoss_LWTrue_BS2_LR1.0e-04_KLR1.0e-02_WD1.0e-04_KWD1.0e-04_SCHConstantLR_E500_PAT5_ES20,0.9847680926322936,0.8192921280860901,0.6940562725067139,0.8327054977416992
UKAN_128_160_256_SZ512_512_roweeder_LFocalLoss_LWTrue_BS2_LR1.0e-04_KLR1.0e-02_WD1.0e-04_KWD1.0e-04_SCHReduceLROnPlateau_E500_PAT5_ES20,0.9834307432174684,0.8044179081916809,0.6789069771766663,0.8222519159317017
UKAN_128_160_256_SZ512_512_roweeder_LFocalLoss_LWTrue_BS2_LR1.0e-04_KLR1.0e-03_WD1.0e-04_KWD1.0e-04_SCHConstantLR_E500_PAT5_ES20,0.9846112132072448,0.818270742893219,0.7135511636734009,0.8388110399246216
UKAN_128_160_256_SZ512_512_roweeder_LFocalLoss_LWTrue_BS2_LR1.0e-04_KLR1.0e-03_WD1.0e-04_KWD1.0e-04_SCHReduceLROnPlateau_E500_PAT5_ES20,0.979228675365448,0.7617049217224121,0.7029733657836914,0.814635694026947
UKAN_128_160_256_SZ512_512_roweeder_LFocalLoss_LWTrue_BS2_LR1.0e-05_KLR1.0e-02_WD1.0e-04_KWD1.0e-04_SCHConstantLR_E500_PAT5_ES20,0.985120415687561,0.8224252462387085,0.6700660586357117,0.8258705139160156
UKAN_128_160_256_SZ512_512_roweeder_LFocalLoss_LWTrue_BS2_LR1.0e-05_KLR1.0e-02_WD1.0e-04_KWD1.0e-04_SCHReduceLROnPlateau_E500_PAT5_ES20,0.9821770191192628,0.7920942306518555,0.7042219638824463,0.8261644244194031
UKAN_128_160_256_SZ512_512_roweeder_LFocalLoss_LWTrue_BS2_LR1.0e-05_KLR1.0e-03_WD1.0e-04_KWD1.0e-04_SCHConstantLR_E500_PAT5_ES20,0.9815017580986024,0.7835351228713989,0.6914588809013367,0.8188319206237793
UKAN_128_160_256_SZ512_512_roweeder_LFocalLoss_LWTrue_BS2_LR1.0e-05_KLR1.0e-03_WD1.0e-04_KWD1.0e-04_SCHReduceLROnPlateau_E500_PAT5_ES20,0.9822751879692078,0.7970356941223145,0.6717916131019592,0.8170341849327087
UKAN_128_160_256_SZ512_512_roweeder_LFocalLoss_LWFalse_BS2_LR1.0e-02_KLR1.0e-02_WD1.0e-04_KWD1.0e-04_SCHConstantLR_E500_PAT5_ES20,0.9863012433052064,0.8553585410118103,0.5086439847946167,0.7834346294403076
UKAN_128_160_256_SZ512_512_roweeder_LFocalLoss_LWFalse_BS2_LR1.0e-02_KLR1.0e-02_WD1.0e-04_KWD1.0e-04_SCHReduceLROnPlateau_E500_PAT5_ES20,0.9833465814590454,0.8081759214401245,0.6823394894599915,0.8246207237243652
UKAN_128_160_256_SZ512_512_roweeder_LFocalLoss_LWFalse_BS2_LR1.0e-02_KLR1.0e-03_WD1.0e-04_KWD1.0e-04_SCHConstantLR_E500_PAT5_ES20,0.9868358373641968,0.8441919684410095,0.7233738303184509,0.8514672517776489
UKAN_128_160_256_SZ512_512_roweeder_LFocalLoss_LWFalse_BS2_LR1.0e-02_KLR1.0e-03_WD1.0e-04_KWD1.0e-04_SCHReduceLROnPlateau_E500_PAT5_ES20,0.9878001809120178,0.8652245402336121,0.6717000603675842,0.8415749073028564
UKAN_128_160_256_SZ512_512_roweeder_LFocalLoss_LWFalse_BS2_LR1.0e-03_KLR1.0e-02_WD1.0e-04_KWD1.0e-04_SCHConstantLR_E500_PAT5_ES20,0.9816317558288574,0.7820817232131958,0.7109395861625671,0.8248844146728516
UKAN_128_160_256_SZ512_512_roweeder_LFocalLoss_LWFalse_BS2_LR1.0e-03_KLR1.0e-02_WD1.0e-04_KWD1.0e-04_SCHReduceLROnPlateau_E500_PAT5_ES20,0.9844273924827576,0.8174671530723572,0.7098833322525024,0.8372592926025391
UKAN_128_160_256_SZ512_512_roweeder_LFocalLoss_LWFalse_BS2_LR1.0e-03_KLR1.0e-03_WD1.0e-04_KWD1.0e-04_SCHConstantLR_E500_PAT5_ES20,0.9828923940658568,0.801142692565918,0.714374303817749,0.8328031301498413
UKAN_128_160_256_SZ512_512_roweeder_LFocalLoss_LWFalse_BS2_LR1.0e-03_KLR1.0e-03_WD1.0e-04_KWD1.0e-04_SCHReduceLROnPlateau_E500_PAT5_ES20,0.98683363199234,0.8530213832855225,0.6040096282958984,0.8146215677261353
UKAN_128_160_256_SZ512_512_roweeder_LFocalLoss_LWFalse_BS2_LR1.0e-04_KLR1.0e-02_WD1.0e-04_KWD1.0e-04_SCHConstantLR_E500_PAT5_ES20,0.9835734367370604,0.8080835938453674,0.7021142840385437,0.8312571048736572
UKAN_128_160_256_SZ512_512_roweeder_LFocalLoss_LWFalse_BS2_LR1.0e-04_KLR1.0e-02_WD1.0e-04_KWD1.0e-04_SCHReduceLROnPlateau_E500_PAT5_ES20,0.9855994582176208,0.8292971253395081,0.6570904850959778,0.8239957094192505
UKAN_128_160_256_SZ512_512_roweeder_LFocalLoss_LWFalse_BS2_LR1.0e-04_KLR1.0e-03_WD1.0e-04_KWD1.0e-04_SCHConstantLR_E500_PAT5_ES20,0.9877374172210692,0.860120952129364,0.7155042886734009,0.8544542193412781
UKAN_128_160_256_SZ512_512_roweeder_LFocalLoss_LWFalse_BS2_LR1.0e-04_KLR1.0e-03_WD1.0e-04_KWD1.0e-04_SCHReduceLROnPlateau_E500_PAT5_ES20,0.9785990118980408,0.748855710029602,0.7083086371421814,0.8119211196899414
UKAN_128_160_256_SZ512_512_roweeder_LFocalLoss_LWFalse_BS2_LR1.0e-05_KLR1.0e-02_WD1.0e-04_KWD1.0e-04_SCHConstantLR_E500_PAT5_ES20,0.9808662533760072,0.7751412987709045,0.6913579702377319,0.8157885074615479
UKAN_128_160_256_SZ512_512_roweeder_LFocalLoss_LWFalse_BS2_LR1.0e-05_KLR1.0e-02_WD1.0e-04_KWD1.0e-04_SCHReduceLROnPlateau_E500_PAT5_ES20,0.9842308163642884,0.8133986592292786,0.695382833480835,0.8310040831565857
UKAN_128_160_256_SZ512_512_roweeder_LFocalLoss_LWFalse_BS2_LR1.0e-05_KLR1.0e-03_WD1.0e-04_KWD1.0e-04_SCHConstantLR_E500_PAT5_ES20,0.9792553186416626,0.7490428686141968,0.7087543606758118,0.8123509287834167
UKAN_128_160_256_SZ512_512_roweeder_LFocalLoss_LWFalse_BS2_LR1.0e-05_KLR1.0e-03_WD1.0e-04_KWD1.0e-04_SCHReduceLROnPlateau_E500_PAT5_ES20,0.9811498522758484,0.7716370224952698,0.6790611743927002,0.8106160163879395
UKAN_64_80_128_SZ512_512_roweeder_LFocalLoss_LWTrue_BS2_LR1.0e-02_KLR1.0e-02_WD1.0e-04_KWD1.0e-04_SCHConstantLR_E500_PAT5_ES20,0.98013174533844,0.7854642271995544,0.6944624781608582,0.8200194835662842
UKAN_64_80_128_SZ512_512_roweeder_LFocalLoss_LWTrue_BS2_LR1.0e-02_KLR1.0e-02_WD1.0e-04_KWD1.0e-04_SCHReduceLROnPlateau_E500_PAT5_ES20,0.9876031875610352,0.8581066131591797,0.7166655659675598,0.8541251420974731
UKAN_64_80_128_SZ512_512_roweeder_LFocalLoss_LWTrue_BS2_LR1.0e-02_KLR1.0e-03_WD1.0e-04_KWD1.0e-04_SCHConstantLR_E500_PAT5_ES20,0.9786235690116882,0.7169971466064453,0.5411462187767029,0.7455889582633972
UKAN_64_80_128_SZ512_512_roweeder_LFocalLoss_LWTrue_BS2_LR1.0e-02_KLR1.0e-03_WD1.0e-04_KWD1.0e-04_SCHReduceLROnPlateau_E500_PAT5_ES20,0.9791489839553832,0.7908167243003845,0.6668954491615295,0.8122870922088623
UKAN_64_80_128_SZ512_512_roweeder_LFocalLoss_LWTrue_BS2_LR1.0e-03_KLR1.0e-02_WD1.0e-04_KWD1.0e-04_SCHConstantLR_E500_PAT5_ES20,0.985743761062622,0.8413265943527222,0.6969150304794312,0.841328501701355
UKAN_64_80_128_SZ512_512_roweeder_LFocalLoss_LWTrue_BS2_LR1.0e-03_KLR1.0e-02_WD1.0e-04_KWD1.0e-04_SCHReduceLROnPlateau_E500_PAT5_ES20,0.9796299934387208,0.7813571095466614,0.669467031955719,0.8101513385772705
UKAN_64_80_128_SZ512_512_roweeder_LFocalLoss_LWTrue_BS2_LR1.0e-03_KLR1.0e-03_WD1.0e-04_KWD1.0e-04_SCHConstantLR_E500_PAT5_ES20,0.9780473709106444,0.7684129476547241,0.6867808699607849,0.8110804557800293
UKAN_64_80_128_SZ512_512_roweeder_LFocalLoss_LWTrue_BS2_LR1.0e-03_KLR1.0e-03_WD1.0e-04_KWD1.0e-04_SCHReduceLROnPlateau_E500_PAT5_ES20,0.9817883372306824,0.7849647998809814,0.7218726873397827,0.8295419216156006
UKAN_64_80_128_SZ512_512_roweeder_LFocalLoss_LWTrue_BS2_LR1.0e-04_KLR1.0e-02_WD1.0e-04_KWD1.0e-04_SCHConstantLR_E500_PAT5_ES20,0.975022792816162,0.7440574765205383,0.6547894477844238,0.7912899255752563
UKAN_64_80_128_SZ512_512_roweeder_LFocalLoss_LWTrue_BS2_LR1.0e-04_KLR1.0e-02_WD1.0e-04_KWD1.0e-04_SCHReduceLROnPlateau_E500_PAT5_ES20,0.9874950051307678,0.859967052936554,0.710003674030304,0.85248863697052
UKAN_64_80_128_SZ512_512_roweeder_LFocalLoss_LWTrue_BS2_LR1.0e-04_KLR1.0e-03_WD1.0e-04_KWD1.0e-04_SCHConstantLR_E500_PAT5_ES20,0.9804309606552124,0.7734886407852173,0.7086758017539978,0.8208651542663574
UKAN_64_80_128_SZ512_512_roweeder_LFocalLoss_LWTrue_BS2_LR1.0e-04_KLR1.0e-03_WD1.0e-04_KWD1.0e-04_SCHReduceLROnPlateau_E500_PAT5_ES20,0.9710155129432678,0.754035234451294,0.5773030519485474,0.767451286315918
UKAN_64_80_128_SZ512_512_roweeder_LFocalLoss_LWTrue_BS2_LR1.0e-05_KLR1.0e-02_WD1.0e-04_KWD1.0e-04_SCHConstantLR_E500_PAT5_ES20,0.9832865595817566,0.7997251152992249,0.7098084092140198,0.8309400081634521
UKAN_64_80_128_SZ512_512_roweeder_LFocalLoss_LWTrue_BS2_LR1.0e-05_KLR1.0e-02_WD1.0e-04_KWD1.0e-04_SCHReduceLROnPlateau_E500_PAT5_ES20,0.9804704189300536,0.8122237920761108,0.6449013352394104,0.8125318288803101
UKAN_64_80_128_SZ512_512_roweeder_LFocalLoss_LWTrue_BS2_LR1.0e-05_KLR1.0e-03_WD1.0e-04_KWD1.0e-04_SCHConstantLR_E500_PAT5_ES20,0.9824779033660888,0.7900420427322388,0.7118238210678101,0.8281146287918091
UKAN_64_80_128_SZ512_512_roweeder_LFocalLoss_LWTrue_BS2_LR1.0e-05_KLR1.0e-03_WD1.0e-04_KWD1.0e-04_SCHReduceLROnPlateau_E500_PAT5_ES20,0.9796257615089417,0.7878612875938416,0.6683348417282104,0.8119406700134277
UKAN_64_80_128_SZ512_512_roweeder_LFocalLoss_LWFalse_BS2_LR1.0e-02_KLR1.0e-02_WD1.0e-04_KWD1.0e-04_SCHConstantLR_E500_PAT5_ES20,0.9767978191375732,0.7284398674964905,0.6742231845855713,0.7931536436080933
UKAN_64_80_128_SZ512_512_roweeder_LFocalLoss_LWFalse_BS2_LR1.0e-02_KLR1.0e-02_WD1.0e-04_KWD1.0e-04_SCHReduceLROnPlateau_E500_PAT5_ES20,0.9881539344787598,0.8694813847541809,0.7322311401367188,0.8632888197898865
UKAN_64_80_128_SZ512_512_roweeder_LFocalLoss_LWFalse_BS2_LR1.0e-02_KLR1.0e-03_WD1.0e-04_KWD1.0e-04_SCHConstantLR_E500_PAT5_ES20,0.9843355417251588,0.8177088499069214,0.700638473033905,0.8342275619506836
UKAN_64_80_128_SZ512_512_roweeder_LFocalLoss_LWFalse_BS2_LR1.0e-02_KLR1.0e-03_WD1.0e-04_KWD1.0e-04_SCHReduceLROnPlateau_E500_PAT5_ES20,0.9877728819847108,0.7689241766929626,0.5675569772720337,0.7747513651847839
UKAN_64_80_128_SZ512_512_roweeder_LFocalLoss_LWFalse_BS2_LR1.0e-03_KLR1.0e-02_WD1.0e-04_KWD1.0e-04_SCHConstantLR_E500_PAT5_ES20,0.9787135124206544,0.8033464550971985,0.6477684378623962,0.8099428415298462
UKAN_64_80_128_SZ512_512_roweeder_LFocalLoss_LWFalse_BS2_LR1.0e-03_KLR1.0e-02_WD1.0e-04_KWD1.0e-04_SCHReduceLROnPlateau_E500_PAT5_ES20,0.983176589012146,0.7996159791946411,0.7074320912361145,0.8300749659538269
UKAN_64_80_128_SZ512_512_roweeder_LFocalLoss_LWFalse_BS2_LR1.0e-03_KLR1.0e-03_WD1.0e-04_KWD1.0e-04_SCHConstantLR_E500_PAT5_ES20,0.9834762811660768,0.8073283433914185,0.7339028120040894,0.8415691256523132
UKAN_64_80_128_SZ512_512_roweeder_LFocalLoss_LWFalse_BS2_LR1.0e-03_KLR1.0e-03_WD1.0e-04_KWD1.0e-04_SCHReduceLROnPlateau_E500_PAT5_ES20,0.9746487140655518,0.748836100101471,0.6539797782897949,0.7924882173538208
UKAN_64_80_128_SZ512_512_roweeder_LFocalLoss_LWFalse_BS2_LR1.0e-04_KLR1.0e-02_WD1.0e-04_KWD1.0e-04_SCHConstantLR_E500_PAT5_ES20,0.9862197041511536,0.8363345861434937,0.7107374668121338,0.8444306254386902
UKAN_64_80_128_SZ512_512_roweeder_LFocalLoss_LWFalse_BS2_LR1.0e-04_KLR1.0e-02_WD1.0e-04_KWD1.0e-04_SCHReduceLROnPlateau_E500_PAT5_ES20,0.9793407917022704,0.7557823061943054,0.7162061929702759,0.8171097636222839
UKAN_64_80_128_SZ512_512_roweeder_LFocalLoss_LWFalse_BS2_LR1.0e-04_KLR1.0e-03_WD1.0e-04_KWD1.0e-04_SCHConstantLR_E500_PAT5_ES20,0.9865744709968568,0.8449596762657166,0.7179489731788635,0.8498277068138123
UKAN_64_80_128_SZ512_512_roweeder_LFocalLoss_LWFalse_BS2_LR1.0e-04_KLR1.0e-03_WD1.0e-04_KWD1.0e-04_SCHReduceLROnPlateau_E500_PAT5_ES20,0.98345947265625,0.8023000955581665,0.7207841277122498,0.8355145454406738
UKAN_64_80_128_SZ512_512_roweeder_LFocalLoss_LWFalse_BS2_LR1.0e-05_KLR1.0e-02_WD1.0e-04_KWD1.0e-04_SCHConstantLR_E500_PAT5_ES20,0.9836844205856324,0.8127471208572388,0.6971696019172668,0.8312004804611206
UKAN_64_80_128_SZ512_512_roweeder_LFocalLoss_LWFalse_BS2_LR1.0e-05_KLR1.0e-02_WD1.0e-04_KWD1.0e-04_SCHReduceLROnPlateau_E500_PAT5_ES20,0.9845194816589355,0.8151146769523621,0.7028272151947021,0.8341538310050964
UKAN_64_80_128_SZ512_512_roweeder_LFocalLoss_LWFalse_BS2_LR1.0e-05_KLR1.0e-03_WD1.0e-04_KWD1.0e-04_SCHConstantLR_E500_PAT5_ES20,0.9829660654067992,0.797850489616394,0.6911104917526245,0.8239757418632507
UKAN_64_80_128_SZ512_512_roweeder_LFocalLoss_LWFalse_BS2_LR1.0e-05_KLR1.0e-03_WD1.0e-04_KWD1.0e-04_SCHReduceLROnPlateau_E500_PAT5_ES20,0.984590470790863,0.8240486979484558,0.7116211652755737,0.840086817741394
UKAN_32_40_64_SZ512_512_roweeder_LFocalLoss_LWTrue_BS2_LR1.0e-02_KLR1.0e-02_WD1.0e-04_KWD1.0e-04_SCHConstantLR_E500_PAT5_ES20,0.9765346050262452,0.7238499522209167,0.6572044491767883,0.7858630418777466
UKAN_32_40_64_SZ512_512_roweeder_LFocalLoss_LWTrue_BS2_LR1.0e-02_KLR1.0e-02_WD1.0e-04_KWD1.0e-04_SCHReduceLROnPlateau_E500_PAT5_ES20,0.9847044348716736,0.7910246849060059,0.6226369142532349,0.7994553446769714
UKAN_32_40_64_SZ512_512_roweeder_LFocalLoss_LWTrue_BS2_LR1.0e-02_KLR1.0e-03_WD1.0e-04_KWD1.0e-04_SCHConstantLR_E500_PAT5_ES20,0.9872074127197266,0.8552919626235962,0.7098041772842407,0.8507678508758545
UKAN_32_40_64_SZ512_512_roweeder_LFocalLoss_LWTrue_BS2_LR1.0e-02_KLR1.0e-03_WD1.0e-04_KWD1.0e-04_SCHReduceLROnPlateau_E500_PAT5_ES20,0.9846649169921876,0.8130168318748474,0.6282282471656799,0.8086366653442383
UKAN_32_40_64_SZ512_512_roweeder_LFocalLoss_LWTrue_BS2_LR1.0e-03_KLR1.0e-02_WD1.0e-04_KWD1.0e-04_SCHConstantLR_E500_PAT5_ES20,0.9852370023727416,0.830080509185791,0.7194017767906189,0.8449064493179321
UKAN_32_40_64_SZ512_512_roweeder_LFocalLoss_LWTrue_BS2_LR1.0e-03_KLR1.0e-02_WD1.0e-04_KWD1.0e-04_SCHReduceLROnPlateau_E500_PAT5_ES20,0.9863781929016112,0.8464223742485046,0.7141062021255493,0.8489689230918884
UKAN_32_40_64_SZ512_512_roweeder_LFocalLoss_LWTrue_BS2_LR1.0e-03_KLR1.0e-03_WD1.0e-04_KWD1.0e-04_SCHConstantLR_E500_PAT5_ES20,0.9844828248023988,0.8265159130096436,0.7079790234565735,0.8396592140197754
UKAN_32_40_64_SZ512_512_roweeder_LFocalLoss_LWTrue_BS2_LR1.0e-03_KLR1.0e-03_WD1.0e-04_KWD1.0e-04_SCHReduceLROnPlateau_E500_PAT5_ES20,0.9855788946151732,0.8257795572280884,0.701452374458313,0.8376035690307617
UKAN_32_40_64_SZ512_512_roweeder_LFocalLoss_LWTrue_BS2_LR1.0e-04_KLR1.0e-02_WD1.0e-04_KWD1.0e-04_SCHConstantLR_E500_PAT5_ES20,0.9659734964370728,0.0,0.0,0.3219911754131317
UKAN_32_40_64_SZ512_512_roweeder_LFocalLoss_LWTrue_BS2_LR1.0e-04_KLR1.0e-02_WD1.0e-04_KWD1.0e-04_SCHReduceLROnPlateau_E500_PAT5_ES20,0.9659734964370728,0.0,0.0,0.3219911754131317
UKAN_32_40_64_SZ512_512_roweeder_LFocalLoss_LWTrue_BS2_LR1.0e-04_KLR1.0e-03_WD1.0e-04_KWD1.0e-04_SCHConstantLR_E500_PAT5_ES20,0.9659734964370728,0.0,0.0,0.3219911754131317
UKAN_32_40_64_SZ512_512_roweeder_LFocalLoss_LWTrue_BS2_LR1.0e-04_KLR1.0e-03_WD1.0e-04_KWD1.0e-04_SCHReduceLROnPlateau_E500_PAT5_ES20,0.9659734964370728,0.0,0.0,0.3219911754131317
UKAN_32_40_64_SZ512_512_roweeder_LFocalLoss_LWTrue_BS2_LR1.0e-05_KLR1.0e-02_WD1.0e-04_KWD1.0e-04_SCHConstantLR_E500_PAT5_ES20,0.9659695625305176,0.0,0.0012845239834859,0.3224180340766907
UKAN_32_40_64_SZ512_512_roweeder_LFocalLoss_LWTrue_BS2_LR1.0e-05_KLR1.0e-02_WD1.0e-04_KWD1.0e-04_SCHReduceLROnPlateau_E500_PAT5_ES20,0.9659750461578368,0.0,0.0015562744811177,0.3225104510784149
UKAN_32_40_64_SZ512_512_roweeder_LFocalLoss_LWTrue_BS2_LR1.0e-05_KLR1.0e-03_WD1.0e-04_KWD1.0e-04_SCHConstantLR_E500_PAT5_ES20,0.9659754037857056,0.0,0.000130168205942,0.3220351934432983
UKAN_32_40_64_SZ512_512_roweeder_LFocalLoss_LWTrue_BS2_LR1.0e-05_KLR1.0e-03_WD1.0e-04_KWD1.0e-04_SCHReduceLROnPlateau_E500_PAT5_ES20,0.9659765362739564,0.0,0.0001531144371256,0.322043240070343
UKAN_32_40_64_SZ512_512_roweeder_LFocalLoss_LWFalse_BS2_LR1.0e-02_KLR1.0e-02_WD1.0e-04_KWD1.0e-04_SCHConstantLR_E500_PAT5_ES20,0.9854032397270204,0.8289934992790222,0.6396351456642151,0.818010687828064
UKAN_32_40_64_SZ512_512_roweeder_LFocalLoss_LWFalse_BS2_LR1.0e-02_KLR1.0e-02_WD1.0e-04_KWD1.0e-04_SCHReduceLROnPlateau_E500_PAT5_ES20,0.9833088517189026,0.8026643991470337,0.645901083946228,0.8106247782707214
UKAN_32_40_64_SZ512_512_roweeder_LFocalLoss_LWFalse_BS2_LR1.0e-02_KLR1.0e-03_WD1.0e-04_KWD1.0e-04_SCHConstantLR_E500_PAT5_ES20,0.9809027314186096,0.5980388522148132,0.4302313029766083,0.6697243452072144
UKAN_32_40_64_SZ512_512_roweeder_LFocalLoss_LWFalse_BS2_LR1.0e-02_KLR1.0e-03_WD1.0e-04_KWD1.0e-04_SCHReduceLROnPlateau_E500_PAT5_ES20,0.9844084978103638,0.8186812996864319,0.7103480100631714,0.837812602519989
UKAN_32_40_64_SZ512_512_roweeder_LFocalLoss_LWFalse_BS2_LR1.0e-03_KLR1.0e-02_WD1.0e-04_KWD1.0e-04_SCHConstantLR_E500_PAT5_ES20,0.982684314250946,0.7984885573387146,0.7109331488609314,0.830702006816864
UKAN_32_40_64_SZ512_512_roweeder_LFocalLoss_LWFalse_BS2_LR1.0e-03_KLR1.0e-02_WD1.0e-04_KWD1.0e-04_SCHReduceLROnPlateau_E500_PAT5_ES20,0.985442578792572,0.8286294937133789,0.7239699363708496,0.8460140228271484
UKAN_32_40_64_SZ512_512_roweeder_LFocalLoss_LWFalse_BS2_LR1.0e-03_KLR1.0e-03_WD1.0e-04_KWD1.0e-04_SCHConstantLR_E500_PAT5_ES20,0.9832216501235962,0.7975983619689941,0.7099369168281555,0.8302523493766785
UKAN_32_40_64_SZ512_512_roweeder_LFocalLoss_LWFalse_BS2_LR1.0e-03_KLR1.0e-03_WD1.0e-04_KWD1.0e-04_SCHReduceLROnPlateau_E500_PAT5_ES20,0.9842717051506042,0.8105165362358093,0.7013351321220398,0.8320411443710327
UKAN_32_40_64_SZ512_512_roweeder_LFocalLoss_LWFalse_BS2_LR1.0e-04_KLR1.0e-02_WD1.0e-04_KWD1.0e-04_SCHConstantLR_E500_PAT5_ES20,0.9659734964370728,0.0,0.0,0.3219911754131317
UKAN_32_40_64_SZ512_512_roweeder_LFocalLoss_LWFalse_BS2_LR1.0e-04_KLR1.0e-02_WD1.0e-04_KWD1.0e-04_SCHReduceLROnPlateau_E500_PAT5_ES20,0.9659734964370728,0.0,0.0,0.3219911754131317
UKAN_32_40_64_SZ512_512_roweeder_LFocalLoss_LWFalse_BS2_LR1.0e-04_KLR1.0e-03_WD1.0e-04_KWD1.0e-04_SCHConstantLR_E500_PAT5_ES20,0.9659734964370728,0.0,0.0,0.3219911754131317
UKAN_32_40_64_SZ512_512_roweeder_LFocalLoss_LWFalse_BS2_LR1.0e-04_KLR1.0e-03_WD1.0e-04_KWD1.0e-04_SCHReduceLROnPlateau_E500_PAT5_ES20,0.9659734964370728,0.0,0.0,0.3219911754131317
UKAN_32_40_64_SZ512_512_roweeder_LFocalLoss_LWFalse_BS2_LR1.0e-05_KLR1.0e-02_WD1.0e-04_KWD1.0e-04_SCHConstantLR_E500_PAT5_ES20,0.9659695625305176,0.0,0.0009545063367113,0.3223080337047577
UKAN_32_40_64_SZ512_512_roweeder_LFocalLoss_LWFalse_BS2_LR1.0e-05_KLR1.0e-02_WD1.0e-04_KWD1.0e-04_SCHReduceLROnPlateau_E500_PAT5_ES20,0.965958297252655,0.0,0.0005000152741558,0.3221527934074402
UKAN_32_40_64_SZ512_512_roweeder_LFocalLoss_LWFalse_BS2_LR1.0e-05_KLR1.0e-03_WD1.0e-04_KWD1.0e-04_SCHConstantLR_E500_PAT5_ES20,0.9659721851348876,0.0,0.0001263242447748,0.3220328390598297
UKAN_32_40_64_SZ512_512_roweeder_LFocalLoss_LWFalse_BS2_LR1.0e-05_KLR1.0e-03_WD1.0e-04_KWD1.0e-04_SCHReduceLROnPlateau_E500_PAT5_ES20,0.9659766554832458,0.0,0.0001493000163463,0.3220419883728027
UKAN_128_160_256_nokan_SZ512_512_roweeder_LFocalLoss_LWTrue_BS2_LR1.0e-04_KLR1.0e-02_WD1.0e-04_KWD1.0e-04_SCHReduceLROnPlateau_E500_PAT5_ES20,0.9858251214027404,0.8418904542922974,0.7041040658950806,0.8439399600028992
UKAN_128_160_256_nokan_SZ512_512_roweeder_LFocalLoss_LWFalse_BS2_LR1.0e-04_KLR1.0e-02_WD1.0e-04_KWD1.0e-04_SCHReduceLROnPlateau_E500_PAT5_ES20,0.9859594106674194,0.8478246927261353,0.7078672051429749,0.8472170829772949
UKAN_64_80_128_nokan_SZ512_512_roweeder_LFocalLoss_LWTrue_BS2_LR1.0e-04_KLR1.0e-02_WD1.0e-04_KWD1.0e-04_SCHReduceLROnPlateau_E500_PAT5_ES20,0.978290557861328,0.7448618412017822,0.7077435255050659,0.8102986216545105
UKAN_64_80_128_nokan_SZ512_512_roweeder_LFocalLoss_LWFalse_BS2_LR1.0e-04_KLR1.0e-02_WD1.0e-04_KWD1.0e-04_SCHReduceLROnPlateau_E500_PAT5_ES20,0.9787870645523072,0.7467016577720642,0.7242095470428467,0.8165661096572876
UKAN_32_40_64_nokan_SZ512_512_roweeder_LFocalLoss_LWTrue_BS2_LR1.0e-04_KLR1.0e-02_WD1.0e-04_KWD1.0e-04_SCHReduceLROnPlateau_E500_PAT5_ES20,0.9854529500007628,0.7200502157211304,1.9146158592775464e-05,0.5685074329376221
UKAN_32_40_64_nokan_SZ512_512_roweeder_LFocalLoss_LWFalse_BS2_LR1.0e-04_KLR1.0e-02_WD1.0e-04_KWD1.0e-04_SCHReduceLROnPlateau_E500_PAT5_ES20,0.9850987195968628,0.8253756165504456,0.6696829199790955,0.8267190456390381
UKAN_256_320_512_nokan_SZ512_512_roweeder_LFocalLoss_LWTrue_BS2_LR1.0e-04_KLR1.0e-02_WD1.0e-04_KWD1.0e-04_SCHReduceLROnPlateau_E500_PAT5_ES20,0.9781873226165771,0.782974362373352,0.6632691025733948,0.8081436157226562
UKAN_256_320_512_nokan_SZ512_512_roweeder_LFocalLoss_LWFalse_BS2_LR1.0e-04_KLR1.0e-02_WD1.0e-04_KWD1.0e-04_SCHReduceLROnPlateau_E500_PAT5_ES20,0.9802613854408264,0.7582369446754456,0.7113962173461914,0.8166314959526062
UKAN_192_240_384_nokan_SZ512_512_roweeder_LFocalLoss_LWTrue_BS2_LR1.0e-04_KLR1.0e-02_WD1.0e-04_KWD1.0e-04_SCHReduceLROnPlateau_E500_PAT5_ES20,0.9843578934669496,0.8162649273872375,0.7111853957176208,0.8372694253921509
UKAN_192_240_384_nokan_SZ512_512_roweeder_LFocalLoss_LWFalse_BS2_LR1.0e-04_KLR1.0e-02_WD1.0e-04_KWD1.0e-04_SCHReduceLROnPlateau_E500_PAT5_ES20,0.9868823289871216,0.8539424538612366,0.7304038405418396,0.8570761680603027
UKAN_128_160_256_nokan_SZ512_512_roweeder_LFocalLoss_LWTrue_BS2_LR1.0e-02_KLR1.0e-02_WD1.0e-04_KWD1.0e-04_SCHReduceLROnPlateau_E500_PAT5_ES20,0.983673095703125,0.8387748003005981,0.6660385727882385,0.8294954299926758
UKAN_128_160_256_nokan_SZ512_512_roweeder_LFocalLoss_LWTrue_BS2_LR1.0e-03_KLR1.0e-02_WD1.0e-04_KWD1.0e-04_SCHReduceLROnPlateau_E500_PAT5_ES20,0.9832816123962402,0.8151980638504028,0.7011563777923584,0.8332120776176453
UKAN_128_160_256_nokan_SZ512_512_roweeder_LFocalLoss_LWFalse_BS2_LR1.0e-02_KLR1.0e-02_WD1.0e-04_KWD1.0e-04_SCHReduceLROnPlateau_E500_PAT5_ES20,0.9842365980148317,0.8237794041633606,0.6987900733947754,0.8356020450592041
UKAN_128_160_256_nokan_SZ512_512_roweeder_LFocalLoss_LWFalse_BS2_LR1.0e-03_KLR1.0e-02_WD1.0e-04_KWD1.0e-04_SCHReduceLROnPlateau_E500_PAT5_ES20,0.9853399991989136,0.8364615440368652,0.7130175232887268,0.8449397087097168
UKAN_64_80_128_nokan_SZ512_512_roweeder_LFocalLoss_LWTrue_BS2_LR1.0e-02_KLR1.0e-02_WD1.0e-04_KWD1.0e-04_SCHReduceLROnPlateau_E500_PAT5_ES20,0.9853262305259703,0.8117071390151978,0.6593309044837952,0.8187880516052246
UKAN_64_80_128_nokan_SZ512_512_roweeder_LFocalLoss_LWTrue_BS2_LR1.0e-03_KLR1.0e-02_WD1.0e-04_KWD1.0e-04_SCHReduceLROnPlateau_E500_PAT5_ES20,0.986118495464325,0.8386780023574829,0.7142298221588135,0.8463420867919922
UKAN_64_80_128_nokan_SZ512_512_roweeder_LFocalLoss_LWFalse_BS2_LR1.0e-02_KLR1.0e-02_WD1.0e-04_KWD1.0e-04_SCHReduceLROnPlateau_E500_PAT5_ES20,0.9864726662635804,0.8451300859451294,0.7050246000289917,0.8455424308776855
UKAN_64_80_128_nokan_SZ512_512_roweeder_LFocalLoss_LWFalse_BS2_LR1.0e-03_KLR1.0e-02_WD1.0e-04_KWD1.0e-04_SCHReduceLROnPlateau_E500_PAT5_ES20,0.976820945739746,0.7639972567558289,0.6558719277381897,0.7988967299461365
UKAN_32_40_64_nokan_SZ512_512_roweeder_LFocalLoss_LWTrue_BS2_LR1.0e-02_KLR1.0e-02_WD1.0e-04_KWD1.0e-04_SCHReduceLROnPlateau_E500_PAT5_ES20,0.984929621219635,0.7794631123542786,0.5820474028587341,0.782146692276001
UKAN_32_40_64_nokan_SZ512_512_roweeder_LFocalLoss_LWTrue_BS2_LR1.0e-03_KLR1.0e-02_WD1.0e-04_KWD1.0e-04_SCHReduceLROnPlateau_E500_PAT5_ES20,0.9823530912399292,0.7917898297309875,0.699812114238739,0.8246516585350037
UKAN_32_40_64_nokan_SZ512_512_roweeder_LFocalLoss_LWFalse_BS2_LR1.0e-02_KLR1.0e-02_WD1.0e-04_KWD1.0e-04_SCHReduceLROnPlateau_E500_PAT5_ES20,0.9825286269187928,0.7945034503936768,0.6970416307449341,0.8246912360191345
UKAN_32_40_64_nokan_SZ512_512_roweeder_LFocalLoss_LWFalse_BS2_LR1.0e-03_KLR1.0e-02_WD1.0e-04_KWD1.0e-04_SCHReduceLROnPlateau_E500_PAT5_ES20,0.981190025806427,0.7756465077400208,0.6964938640594482,0.8177767992019653
UKAN_256_320_512_nokan_SZ512_512_roweeder_LFocalLoss_LWTrue_BS2_LR1.0e-02_KLR1.0e-02_WD1.0e-04_KWD1.0e-04_SCHReduceLROnPlateau_E500_PAT5_ES20,0.9867164492607116,0.8557435870170593,0.7078459858894348,0.8501020669937134
UKAN_256_320_512_nokan_SZ512_512_roweeder_LFocalLoss_LWTrue_BS2_LR1.0e-03_KLR1.0e-02_WD1.0e-04_KWD1.0e-04_SCHReduceLROnPlateau_E500_PAT5_ES20,0.98744398355484,0.8550914525985718,0.738997757434845,0.860511064529419
UKAN_256_320_512_nokan_SZ512_512_roweeder_LFocalLoss_LWFalse_BS2_LR1.0e-02_KLR1.0e-02_WD1.0e-04_KWD1.0e-04_SCHReduceLROnPlateau_E500_PAT5_ES20,0.983079195022583,0.8043215274810791,0.7099239826202393,0.8324415683746338
UKAN_256_320_512_nokan_SZ512_512_roweeder_LFocalLoss_LWFalse_BS2_LR1.0e-03_KLR1.0e-02_WD1.0e-04_KWD1.0e-04_SCHReduceLROnPlateau_E500_PAT5_ES20,0.9819816946983336,0.783469557762146,0.7250686883926392,0.8301733732223511
UKAN_192_240_384_nokan_SZ512_512_roweeder_LFocalLoss_LWTrue_BS2_LR1.0e-02_KLR1.0e-02_WD1.0e-04_KWD1.0e-04_SCHReduceLROnPlateau_E500_PAT5_ES20,0.9856025576591492,0.824445903301239,0.7089794874191284,0.839676022529602
UKAN_192_240_384_nokan_SZ512_512_roweeder_LFocalLoss_LWTrue_BS2_LR1.0e-03_KLR1.0e-02_WD1.0e-04_KWD1.0e-04_SCHReduceLROnPlateau_E500_PAT5_ES20,0.981484591960907,0.7896968126296997,0.6932106614112854,0.8214640617370605
UKAN_192_240_384_nokan_SZ512_512_roweeder_LFocalLoss_LWFalse_BS2_LR1.0e-02_KLR1.0e-02_WD1.0e-04_KWD1.0e-04_SCHReduceLROnPlateau_E500_PAT5_ES20,0.9841738343238832,0.8058805465698242,0.7007314562797546,0.8302619457244873
UKAN_192_240_384_nokan_SZ512_512_roweeder_LFocalLoss_LWFalse_BS2_LR1.0e-03_KLR1.0e-02_WD1.0e-04_KWD1.0e-04_SCHReduceLROnPlateau_E500_PAT5_ES20,0.9834399819374084,0.8029826879501343,0.7179326415061951,0.8347851634025574
UKAN_16_20_32_nokan_SZ512_512_roweeder_LFocalLoss_LWTrue_BS2_LR1.0e-02_KLR1.0e-02_WD1.0e-04_KWD1.0e-04_SCHReduceLROnPlateau_E500_PAT5_ES20,0.9794705510139464,0.6871748566627502,0.3583775162696838,0.675007700920105
UKAN_16_20_32_nokan_SZ512_512_roweeder_LFocalLoss_LWTrue_BS2_LR1.0e-03_KLR1.0e-02_WD1.0e-04_KWD1.0e-04_SCHReduceLROnPlateau_E500_PAT5_ES20,0.9659734964370728,0.0,0.0,0.3219911754131317
UKAN_16_20_32_nokan_SZ512_512_roweeder_LFocalLoss_LWTrue_BS2_LR1.0e-04_KLR1.0e-02_WD1.0e-04_KWD1.0e-04_SCHReduceLROnPlateau_E500_PAT5_ES20,0.9659734964370728,0.0,0.0,0.3219911754131317
UKAN_16_20_32_nokan_SZ512_512_roweeder_LFocalLoss_LWFalse_BS2_LR1.0e-02_KLR1.0e-02_WD1.0e-04_KWD1.0e-04_SCHReduceLROnPlateau_E500_PAT5_ES20,0.9878419637680054,0.765938937664032,0.0181396901607513,0.5906402468681335
UKAN_16_20_32_nokan_SZ512_512_roweeder_LFocalLoss_LWFalse_BS2_LR1.0e-03_KLR1.0e-02_WD1.0e-04_KWD1.0e-04_SCHReduceLROnPlateau_E500_PAT5_ES20,0.9659734964370728,0.0,0.0,0.3219911754131317
UKAN_16_20_32_nokan_SZ512_512_roweeder_LFocalLoss_LWFalse_BS2_LR1.0e-04_KLR1.0e-02_WD1.0e-04_KWD1.0e-04_SCHReduceLROnPlateau_E500_PAT5_ES20,0.9659734964370728,0.0,0.0,0.3219911754131317
UKAN_8_10_16_nokan_SZ512_512_roweeder_LFocalLoss_LWTrue_BS2_LR1.0e-02_KLR1.0e-02_WD1.0e-04_KWD1.0e-04_SCHReduceLROnPlateau_E500_PAT5_ES20,0.9859231114387512,0.7532780766487122,0.2069007009267807,0.6487006545066833
UKAN_8_10_16_nokan_SZ512_512_roweeder_LFocalLoss_LWTrue_BS2_LR1.0e-03_KLR1.0e-02_WD1.0e-04_KWD1.0e-04_SCHReduceLROnPlateau_E500_PAT5_ES20,0.9845005869865416,0.6076276302337646,0.0693741738796234,0.5538341403007507
UKAN_8_10_16_nokan_SZ512_512_roweeder_LFocalLoss_LWTrue_BS2_LR1.0e-04_KLR1.0e-02_WD1.0e-04_KWD1.0e-04_SCHReduceLROnPlateau_E500_PAT5_ES20,0.9817531704902648,0.6976466178894043,0.0,0.5597999095916748
UKAN_16_20_32_SZ512_512_roweeder_LFocalLoss_LWTrue_BS2_LR1.0e-02_KLR1.0e-02_WD1.0e-04_KWD1.0e-04_SCHReduceLROnPlateau_E500_PAT5_ES20,0.9849441051483154,0.6965197920799255,0.0,0.5604879856109619
UKAN_8_10_16_nokan_SZ512_512_roweeder_LFocalLoss_LWFalse_BS2_LR1.0e-02_KLR1.0e-02_WD1.0e-04_KWD1.0e-04_SCHReduceLROnPlateau_E500_PAT5_ES20,0.9858013391494752,0.677165150642395,0.2063219994306564,0.6230961680412292
UKAN_8_10_16_nokan_SZ512_512_roweeder_LFocalLoss_LWFalse_BS2_LR1.0e-03_KLR1.0e-02_WD1.0e-04_KWD1.0e-04_SCHReduceLROnPlateau_E500_PAT5_ES20,0.9867908358573914,0.6619009971618652,0.0725171267986297,0.573736310005188
UKAN_16_20_32_SZ512_512_roweeder_LFocalLoss_LWTrue_BS2_LR1.0e-02_KLR1.0e-03_WD1.0e-04_KWD1.0e-04_SCHReduceLROnPlateau_E500_PAT5_ES20,0.9846888184547424,0.7322489619255066,0.0631028860807418,0.5933469533920288
UKAN_8_10_16_nokan_SZ512_512_roweeder_LFocalLoss_LWFalse_BS2_LR1.0e-04_KLR1.0e-02_WD1.0e-04_KWD1.0e-04_SCHReduceLROnPlateau_E500_PAT5_ES20,0.9823586344718932,0.7110611200332642,0.0,0.5644732713699341
UKAN_16_20_32_SZ512_512_roweeder_LFocalLoss_LWTrue_BS2_LR1.0e-03_KLR1.0e-02_WD1.0e-04_KWD1.0e-04_SCHReduceLROnPlateau_E500_PAT5_ES20,0.9659734964370728,0.0,0.0,0.3219911754131317
UKAN_16_20_32_SZ512_512_roweeder_LFocalLoss_LWTrue_BS2_LR1.0e-03_KLR1.0e-03_WD1.0e-04_KWD1.0e-04_SCHReduceLROnPlateau_E500_PAT5_ES20,0.9659734964370728,0.0,0.0,0.3219911754131317
UKAN_16_20_32_SZ512_512_roweeder_LFocalLoss_LWTrue_BS2_LR1.0e-04_KLR1.0e-02_WD1.0e-04_KWD1.0e-04_SCHReduceLROnPlateau_E500_PAT5_ES20,0.9659734964370728,0.0,0.0,0.3219911754131317
UKAN_16_20_32_SZ512_512_roweeder_LFocalLoss_LWTrue_BS2_LR1.0e-04_KLR1.0e-03_WD1.0e-04_KWD1.0e-04_SCHReduceLROnPlateau_E500_PAT5_ES20,0.9659734964370728,0.0,0.0,0.3219911754131317
UKAN_8_8_8_nokan_SZ512_512_roweeder_LFocalLoss_LWTrue_BS2_LR1.0e-02_KLR1.0e-02_WD1.0e-04_KWD1.0e-04_SCHReduceLROnPlateau_E500_PAT5_ES20,0.978882133960724,0.6270862817764282,0.0,0.5353228449821472
UKAN_8_8_8_SZ512_512_roweeder_LFocalLoss_LWTrue_BS2_LR1.0e-02_KLR1.0e-02_WD1.0e-04_KWD1.0e-04_SCHReduceLROnPlateau_E500_PAT5_ES20,0.9665616154670716,0.5372812747955322,0.0187891088426113,0.5075440406799316
UKAN_8_8_8_SZ512_512_roweeder_LFocalLoss_LWTrue_BS2_LR1.0e-02_KLR1.0e-03_WD1.0e-04_KWD1.0e-04_SCHReduceLROnPlateau_E500_PAT5_ES20,0.985961616039276,0.7743492126464844,0.2517878115177154,0.6706995964050293
UKAN_16_20_32_SZ512_512_roweeder_LFocalLoss_LWTrue_BS2_LR1.0e-05_KLR1.0e-02_WD1.0e-04_KWD1.0e-04_SCHReduceLROnPlateau_E500_PAT5_ES20,0.9659734964370728,0.0,0.0,0.3219911754131317
UKAN_8_8_8_SZ512_512_roweeder_LFocalLoss_LWTrue_BS2_LR1.0e-03_KLR1.0e-02_WD1.0e-04_KWD1.0e-04_SCHReduceLROnPlateau_E500_PAT5_ES20,0.985736846923828,0.7527997493743896,0.0,0.5795122385025024
UKAN_8_8_8_SZ512_512_roweeder_LFocalLoss_LWTrue_BS2_LR1.0e-03_KLR1.0e-03_WD1.0e-04_KWD1.0e-04_SCHReduceLROnPlateau_E500_PAT5_ES20,0.9826033711433412,0.703881025314331,0.0,0.5621614456176758
UKAN_8_8_8_nokan_SZ512_512_roweeder_LFocalLoss_LWTrue_BS2_LR1.0e-03_KLR1.0e-02_WD1.0e-04_KWD1.0e-04_SCHReduceLROnPlateau_E500_PAT5_ES20,0.9851086139678956,0.7725812196731567,0.1657015532255172,0.6411304473876953
UKAN_8_8_8_nokan_SZ512_512_roweeder_LFocalLoss_LWTrue_BS2_LR1.0e-04_KLR1.0e-02_WD1.0e-04_KWD1.0e-04_SCHReduceLROnPlateau_E500_PAT5_ES20,0.0,0.0832430869340896,3.826594183919951e-05,0.0277604516595602
UKAN_16_20_32_SZ512_512_roweeder_LFocalLoss_LWTrue_BS2_LR1.0e-05_KLR1.0e-03_WD1.0e-04_KWD1.0e-04_SCHReduceLROnPlateau_E500_PAT5_ES20,0.9659734964370728,0.0,0.0,0.3219911754131317
UKAN_8_8_8_SZ512_512_roweeder_LFocalLoss_LWTrue_BS2_LR1.0e-04_KLR1.0e-02_WD1.0e-04_KWD1.0e-04_SCHReduceLROnPlateau_E500_PAT5_ES20,0.983121693134308,0.7274080514907837,0.0,0.5701766014099121
UKAN_8_8_8_nokan_SZ512_512_roweeder_LFocalLoss_LWFalse_BS2_LR1.0e-02_KLR1.0e-02_WD1.0e-04_KWD1.0e-04_SCHReduceLROnPlateau_E500_PAT5_ES20,0.9864835143089294,0.7113597393035889,0.1971385776996612,0.6316606402397156
UKAN_8_8_8_SZ512_512_roweeder_LFocalLoss_LWTrue_BS2_LR1.0e-04_KLR1.0e-03_WD1.0e-04_KWD1.0e-04_SCHReduceLROnPlateau_E500_PAT5_ES20,0.9829447865486144,0.7496840953826904,0.0,0.5775429606437683
UKAN_8_8_8_nokan_SZ512_512_roweeder_LFocalLoss_LWFalse_BS2_LR1.0e-03_KLR1.0e-02_WD1.0e-04_KWD1.0e-04_SCHReduceLROnPlateau_E500_PAT5_ES20,0.9850500226020812,0.6978048086166382,0.0,0.5609516501426697
UKAN_8_8_8_nokan_SZ512_512_roweeder_LFocalLoss_LWFalse_BS2_LR1.0e-04_KLR1.0e-02_WD1.0e-04_KWD1.0e-04_SCHReduceLROnPlateau_E500_PAT5_ES20,0.0,0.083242580294609,2.678395503608044e-05,0.0277564562857151
UKAN_16_20_32_SZ512_512_roweeder_LFocalLoss_LWFalse_BS2_LR1.0e-02_KLR1.0e-02_WD1.0e-04_KWD1.0e-04_SCHReduceLROnPlateau_E500_PAT5_ES20,0.9800638556480408,0.6659033894538879,0.0561564154922962,0.567374587059021
UKAN_16_20_32_SZ512_512_roweeder_LFocalLoss_LWFalse_BS2_LR1.0e-02_KLR1.0e-03_WD1.0e-04_KWD1.0e-04_SCHReduceLROnPlateau_E500_PAT5_ES20,0.985112488269806,0.7671450972557068,0.1510417610406875,0.6344331502914429
UKAN_16_20_32_SZ512_512_roweeder_LFocalLoss_LWFalse_BS2_LR1.0e-03_KLR1.0e-02_WD1.0e-04_KWD1.0e-04_SCHReduceLROnPlateau_E500_PAT5_ES20,0.9659734964370728,0.0,0.0,0.3219911754131317
UKAN_16_20_32_SZ512_512_roweeder_LFocalLoss_LWFalse_BS2_LR1.0e-03_KLR1.0e-03_WD1.0e-04_KWD1.0e-04_SCHReduceLROnPlateau_E500_PAT5_ES20,0.9659734964370728,0.0,0.0,0.3219911754131317
UKAN_16_20_32_SZ512_512_roweeder_LFocalLoss_LWFalse_BS2_LR1.0e-04_KLR1.0e-02_WD1.0e-04_KWD1.0e-04_SCHReduceLROnPlateau_E500_PAT5_ES20,0.9659734964370728,0.0,0.0,0.3219911754131317
UKAN_16_20_32_SZ512_512_roweeder_LFocalLoss_LWFalse_BS2_LR1.0e-04_KLR1.0e-03_WD1.0e-04_KWD1.0e-04_SCHReduceLROnPlateau_E500_PAT5_ES20,0.9659734964370728,0.0,0.0,0.3219911754131317
UKAN_16_20_32_SZ512_512_roweeder_LFocalLoss_LWFalse_BS2_LR1.0e-05_KLR1.0e-02_WD1.0e-04_KWD1.0e-04_SCHReduceLROnPlateau_E500_PAT5_ES20,0.2536677718162536,0.0956505462527275,0.0,0.1164394468069076
UKAN_8_8_8_SZ512_512_roweeder_LFocalLoss_LWTrue_BS2_LR1.0e-05_KLR1.0e-02_WD1.0e-04_KWD1.0e-04_SCHReduceLROnPlateau_E500_PAT5_ES20,0.9795464277267456,0.7362871766090393,0.0,0.5719445943832397
UKAN_16_20_32_SZ512_512_roweeder_LFocalLoss_LWFalse_BS2_LR1.0e-05_KLR1.0e-03_WD1.0e-04_KWD1.0e-04_SCHReduceLROnPlateau_E500_PAT5_ES20,0.9659734964370728,0.0,0.0,0.3219911754131317
UKAN_8_10_16_SZ512_512_roweeder_LFocalLoss_LWTrue_BS2_LR1.0e-02_KLR1.0e-02_WD1.0e-04_KWD1.0e-04_SCHReduceLROnPlateau_E500_PAT5_ES20,0.9659734964370728,0.0,0.0,0.3219911754131317
UKAN_8_10_16_SZ512_512_roweeder_LFocalLoss_LWTrue_BS2_LR1.0e-02_KLR1.0e-03_WD1.0e-04_KWD1.0e-04_SCHReduceLROnPlateau_E500_PAT5_ES20,0.9873225092887878,0.7489403486251831,0.0,0.5787543058395386
UKAN_8_10_16_SZ512_512_roweeder_LFocalLoss_LWTrue_BS2_LR1.0e-03_KLR1.0e-02_WD1.0e-04_KWD1.0e-04_SCHReduceLROnPlateau_E500_PAT5_ES20,0.9884266257286072,0.7652733325958252,0.0033230648841708,0.5856744050979614
UKAN_8_8_8_SZ512_512_roweeder_LFocalLoss_LWTrue_BS2_LR1.0e-05_KLR1.0e-03_WD1.0e-04_KWD1.0e-04_SCHReduceLROnPlateau_E500_PAT5_ES20,0.9799167513847352,0.7554917335510254,0.0,0.5784695148468018
UKAN_8_8_8_SZ512_512_roweeder_LFocalLoss_LWFalse_BS2_LR1.0e-02_KLR1.0e-02_WD1.0e-04_KWD1.0e-04_SCHReduceLROnPlateau_E500_PAT5_ES20,0.9822399020195008,0.7485305070877075,0.2397090047597885,0.6568264961242676
UKAN_8_8_8_SZ512_512_roweeder_LFocalLoss_LWFalse_BS2_LR1.0e-02_KLR1.0e-03_WD1.0e-04_KWD1.0e-04_SCHReduceLROnPlateau_E500_PAT5_ES20,0.9848634600639344,0.7822462916374207,0.2678656578063965,0.6783251762390137
UKAN_8_10_16_SZ512_512_roweeder_LFocalLoss_LWTrue_BS2_LR1.0e-03_KLR1.0e-03_WD1.0e-04_KWD1.0e-04_SCHReduceLROnPlateau_E500_PAT5_ES20,0.9832851886749268,0.6674221754074097,0.0,0.5502358078956604
UKAN_8_8_8_SZ512_512_roweeder_LFocalLoss_LWFalse_BS2_LR1.0e-03_KLR1.0e-02_WD1.0e-04_KWD1.0e-04_SCHReduceLROnPlateau_E500_PAT5_ES20,0.9863733053207396,0.7259057760238647,0.0,0.5707597136497498
UKAN_8_8_8_SZ512_512_roweeder_LFocalLoss_LWFalse_BS2_LR1.0e-03_KLR1.0e-03_WD1.0e-04_KWD1.0e-04_SCHReduceLROnPlateau_E500_PAT5_ES20,0.9860932230949402,0.7074505686759949,0.0,0.5645146369934082
UKAN_8_10_16_SZ512_512_roweeder_LFocalLoss_LWTrue_BS2_LR1.0e-04_KLR1.0e-02_WD1.0e-04_KWD1.0e-04_SCHReduceLROnPlateau_E500_PAT5_ES20,0.9659734964370728,0.0,0.0,0.3219911754131317
UKAN_8_8_8_SZ512_512_roweeder_LFocalLoss_LWFalse_BS2_LR1.0e-04_KLR1.0e-02_WD1.0e-04_KWD1.0e-04_SCHReduceLROnPlateau_E500_PAT5_ES20,0.982262134552002,0.720650851726532,0.0,0.5676376819610596
UKAN_8_8_8_SZ512_512_roweeder_LFocalLoss_LWFalse_BS2_LR1.0e-04_KLR1.0e-03_WD1.0e-04_KWD1.0e-04_SCHReduceLROnPlateau_E500_PAT5_ES20,0.9832469820976256,0.7341853976249695,0.0,0.5724774599075317
UKAN_8_10_16_SZ512_512_roweeder_LFocalLoss_LWTrue_BS2_LR1.0e-04_KLR1.0e-03_WD1.0e-04_KWD1.0e-04_SCHReduceLROnPlateau_E500_PAT5_ES20,0.9659734964370728,0.0,0.0,0.3219911754131317
UKAN_8_10_16_SZ512_512_roweeder_LFocalLoss_LWTrue_BS2_LR1.0e-05_KLR1.0e-02_WD1.0e-04_KWD1.0e-04_SCHReduceLROnPlateau_E500_PAT5_ES20,0.5441898703575134,0.0,0.0524960495531559,0.1988953202962875
UKAN_8_8_8_SZ512_512_roweeder_LFocalLoss_LWFalse_BS2_LR1.0e-05_KLR1.0e-02_WD1.0e-04_KWD1.0e-04_SCHReduceLROnPlateau_E500_PAT5_ES20,0.9679715633392334,0.4986022710800171,0.0,0.4888579547405243
UKAN_8_10_16_SZ512_512_roweeder_LFocalLoss_LWTrue_BS2_LR1.0e-05_KLR1.0e-03_WD1.0e-04_KWD1.0e-04_SCHReduceLROnPlateau_E500_PAT5_ES20,0.3924597799777984,0.0,0.0481926538050174,0.1468841433525085
UKAN_8_10_16_SZ512_512_roweeder_LFocalLoss_LWFalse_BS2_LR1.0e-02_KLR1.0e-02_WD1.0e-04_KWD1.0e-04_SCHReduceLROnPlateau_E500_PAT5_ES20,0.9845027327537536,0.7024142146110535,0.0017926603322848,0.5629032254219055
UKAN_8_10_16_SZ512_512_roweeder_LFocalLoss_LWFalse_BS2_LR1.0e-02_KLR1.0e-03_WD1.0e-04_KWD1.0e-04_SCHReduceLROnPlateau_E500_PAT5_ES20,0.9879482984542848,0.7556565403938293,0.0,0.5812016725540161
UKAN_8_10_16_SZ512_512_roweeder_LFocalLoss_LWFalse_BS2_LR1.0e-03_KLR1.0e-02_WD1.0e-04_KWD1.0e-04_SCHReduceLROnPlateau_E500_PAT5_ES20,0.988266110420227,0.7298990488052368,0.0,0.5727217197418213
UKAN_8_8_8_SZ512_512_roweeder_LFocalLoss_LWFalse_BS2_LR1.0e-05_KLR1.0e-03_WD1.0e-04_KWD1.0e-04_SCHReduceLROnPlateau_E500_PAT5_ES20,0.9793726801872252,0.7304980158805847,0.0,0.56995689868927
UKAN_8_10_16_SZ512_512_roweeder_LFocalLoss_LWFalse_BS2_LR1.0e-03_KLR1.0e-03_WD1.0e-04_KWD1.0e-04_SCHReduceLROnPlateau_E500_PAT5_ES20,0.9863761067390442,0.7381504774093628,0.0515231527388095,0.5920165777206421
UKAN_8_10_16_SZ512_512_roweeder_LFocalLoss_LWFalse_BS2_LR1.0e-04_KLR1.0e-02_WD1.0e-04_KWD1.0e-04_SCHReduceLROnPlateau_E500_PAT5_ES20,0.9659734964370728,0.0,0.0,0.3219911754131317
UKAN_8_10_16_SZ512_512_roweeder_LFocalLoss_LWFalse_BS2_LR1.0e-04_KLR1.0e-03_WD1.0e-04_KWD1.0e-04_SCHReduceLROnPlateau_E500_PAT5_ES20,0.9659734964370728,0.0,0.0,0.3219911754131317
UKAN_8_10_16_SZ512_512_roweeder_LFocalLoss_LWFalse_BS2_LR1.0e-05_KLR1.0e-02_WD1.0e-04_KWD1.0e-04_SCHReduceLROnPlateau_E500_PAT5_ES20,0.3610806465148926,0.0,0.0446786880493164,0.1352531164884567
UKAN_8_10_16_SZ512_512_roweeder_LFocalLoss_LWFalse_BS2_LR1.0e-05_KLR1.0e-03_WD1.0e-04_KWD1.0e-04_SCHReduceLROnPlateau_E500_PAT5_ES20,0.5597906708717346,0.0,0.054404005408287,0.2047315686941146
UKAN_8_8_8_nokan_SZ512_512_roweeder_LFocalLoss_LWTrue_BS2_LR1.0e-03_KLR1.0e-02_WD1.0e-04_KWD1.0e-04_SCHReduceLROnPlateau_E500_PAT5_ES20,0.9851086139678956,0.7725812196731567,0.1657015532255172,0.6411304473876953
UKAN_8_8_8_nokan_SZ512_512_roweeder_LFocalLoss_LWTrue_BS2_LR1.0e-03_KLR1.0e-02_WD1.0e-04_KWD1.0e-04_SCHReduceLROnPlateau_E500_PAT5_ES20,0.9851086139678955,0.7725812196731567,0.16570155322551727,0.6411304473876953
